id,sender,reply_to,reaction,message
msg1,acc1,,,Guys are you watching the new Solo Leveling episode? It's literally peak!
msg2,acc2,msg1,🔥,Bhai kya kar raha hai, that animation is absolutely insane!
msg3,acc3,,,ಏನಪ್ಪಾ ಎಲ್ಲರೂ ಸುಮ್ಮನಾದ್ರು? No one is talking today?
msg4,acc4,msg3,😂,We are all just admiring your waifu collection bro!
msg5,acc1,,,Speaking of waifus, who is pulling for Arlecchino next week?
msg6,acc2,msg5,💯,Main toh zaroor karunga. Saved 200 pulls just for her.
msg7,acc3,,,ಹೇಂಗಿದಿಯ, wait you saved 200 pulls? How long did that take?
msg8,acc4,msg7,,,Probably skipped every banner for the last 6 months lol!
msg9,acc1,,,It's called dedication. Waifu over meta always!
msg10,acc2,,,Sahi baat hai! Meta will fade but waifus are eternal ❤️
msg11,acc3,,,ಎಲ್ಲಿಗ ಹೋಗ್ತಿಯಾ? Anyone want to play some Genshin co-op tonight?
msg12,acc4,msg11,👍,I'm down. Need to farm some artifacts anyway.
msg13,acc1,,,I swear if I get one more DEF stat on my artifact I'm deleting the game.
msg14,acc2,msg13,😂,Bhai rona band kar, we all suffer together in artifact hell!
msg15,acc3,,,ಊಟ ಆಯ್ತಾ? Or are you guys just gaming all day?
msg16,acc4,msg15,,,Just finished lunch! Watching some One Piece now.
msg17,acc1,,,One Piece? Bro you have 1000 episodes left to catch up!
msg18,acc2,,,Haha yeah good luck with that. Ek saal lag jayega!
msg19,acc3,,,ಬಾರೋ, let's watch some short anime tonight instead. Maybe Cyberpunk?
msg20,acc4,msg19,💯,Cyberpunk Edgerunners is a masterpiece!
msg21,acc1,,,Yeah but the ending broke my heart bro.
msg22,acc2,msg21,😭,Same bhai, I was depressed for a week after that.
msg23,acc3,,,ಏನ್ ಮಾಡ್ತಿಯಾ? It is what it is. True masterpiece though.
msg24,acc4,,,Has anyone read the latest Jujutsu Kaisen manga chapter?
msg25,acc1,msg24,,,No spoilers please! I am anime only!
msg26,acc2,,,Bhai tu toh gaya, internet is full of spoilers right now!
msg27,acc3,,,ಹೋಗೋ, I already got spoiled on Twitter yesterday.
msg28,acc4,msg27,😂,You can't escape the JJK spoilers, they are everywhere!
msg29,acc1,,,Okay fine, what about Demon Slayer? The new movie was okay.
msg30,acc2,msg29,,,Sahi tha, animation is always top tier but story is dragging a bit.
msg31,acc3,,,ಏನಮ್ಮಾ? You guys still care about story in Demon Slayer? It's just for the fights!
msg32,acc4,msg31,🔥,Exactly! We just want to see cool sword techniques and flashy colors!
msg33,acc1,,,True. By the way, anyone bought any new anime figures recently?
msg34,acc2,msg33,,,Ha bhai, ordered a Gojo figure yesterday. Wallet is crying.
msg35,acc3,,,ಏನಪ್ಪಾ? How much did it cost?
msg36,acc4,msg35,,,Probably enough to buy a new phone lol!
msg37,acc1,,,Anime merch is getting way too expensive these days.
msg38,acc2,,,Sahi baat hai. But we still buy it anyway 😂
msg39,acc3,,,ಊಟ ಆಯ್ತಾ? I'm getting hungry just talking about all this money spending.
msg40,acc4,msg39,,,Go eat some biryani bro, it's the only cure!
msg41,acc1,,,Biryani sounds amazing right now actually.
msg42,acc2,msg41,❤️,Bhai biryani is not just food, it's an emotion!
msg43,acc3,,,ಬಾರೋ, let's go get some food then!
msg44,acc4,msg43,💯,I'm heading out too. Catch you guys later in the evening!
msg45,acc1,,,Peace out guys, going to finish my daily commissions.
msg46,acc2,msg45,,,Bye bhai, may you get crit rate on your artifacts!
msg47,acc3,,,ಹೋಗೋ, don't jinx him! See ya all.
msg48,acc4,,,Alright, I'm gonna go watch some more anime. Later!
msg49,acc1,,,Has anyone seen the trailer for the new Fate movie?
msg50,acc2,msg49,🔥,Bhai ufotable is literally built different, animation is crazy!
msg51,acc3,,,ಏನಪ್ಪಾ? I can't even follow the Fate timeline anymore.
msg52,acc4,msg51,😂,Nobody can bro, just watch it for the pretty colors and fights!
msg53,acc1,,,Exactly! Speaking of confusing timelines, what about Steins;Gate?
msg54,acc2,msg53,💯,One of the best anime of all time. Sahi baat hai.
msg55,acc3,,,ಹೇಂಗಿದಿಯ, it starts slow but the payoff is incredible.
msg56,acc4,msg55,,,El Psy Kongroo!
msg57,acc1,,,Is anyone else hyped for the Bleach TYBW part 3?
msg58,acc2,msg57,🔥,Bhai it's going to break the internet again.
msg59,acc3,,,ಎಲ್ಲಿಗ ಹೋಗ್ತಿಯಾ? Are they adding new fights that weren't in the manga?
msg60,acc4,msg59,,,Yes! Kubo is basically rewriting the ending and it's awesome.
msg61,acc1,,,Can't wait. Kubo never misses with character designs.
msg62,acc2,,,Sahi kaha, everyone in Bleach has insane drip.
msg63,acc3,,,ಏನ್ ಮಾಡ್ತಿಯಾ? Even the villains are too cool to hate.
msg64,acc4,msg63,💯,Aizen is still the best villain in anime history.
msg65,acc1,,,Debatable, what about Madara Uchiha?
msg66,acc2,msg65,🔥,Bhai Madara dropping a literal meteor is still the most hype moment.
msg67,acc3,,,ಊಟ ಆಯ್ತಾ? You guys are getting too passionate about this!
msg68,acc4,msg67,😂,We take our anime villains very seriously here!
msg69,acc1,,,Anyone playing Honkai Star Rail? I just pulled Acheron.
msg70,acc2,msg69,❤️,Bhai lucky! She is so broken right now.
msg71,acc3,,,ಬಾರೋ, I lost my 50/50 to Yanqing again.
msg72,acc4,msg71,😭,Oof, that is true pain right there.
msg73,acc1,,,It happens to the best of us. Next banner will be yours!
msg74,acc2,,,Sahi baat hai, keep saving those jades.
msg75,acc3,,,ಹೋಗೋ, I'm logging off for today, my luck is terrible.
msg76,acc4,msg75,,,Rest well buddy, may the gacha gods bless you tomorrow!
msg77,acc1,,,I need a new anime recommendation, something relaxing.
msg78,acc2,msg77,,,Bhai Frieren dekho, absolute masterpiece for relaxing.
msg79,acc3,,,ಏನಮ್ಮಾ? Frieren is amazing! The art and music are so beautiful.
msg80,acc4,msg79,💯,I second this! It's exactly what you need after a long day.
msg81,acc1,,,Thanks guys, I'll check it out tonight.
msg82,acc2,,,Maza aayega bhai, let us know how you like it.
msg83,acc3,,,ಊಟ ಆಯ್ತಾ? I'm going to grab some dinner while watching it too.
msg84,acc4,msg83,👍,Good idea. Food and anime is the ultimate combo.
msg85,acc1,,,Alright I'm starting episode 1 right now!
msg86,acc2,,,Enjoy bhai!
msg87,acc3,,,ಏನಪ್ಪಾ ಎಲ್ಲರೂ ಮಲಗಿದ್ರಾ? Is anyone still awake?
msg88,acc4,msg87,,,I'm still here farming artifacts in Genshin...
msg89,acc1,,,Still getting DEF stats I assume?
msg90,acc2,msg89,😂,Bhai ka naseeb hi kharab hai!
msg91,acc3,,,ಹೇಂಗಿದಿಯ, just give up and go to sleep bro.
msg92,acc4,msg91,😭,I can't end on a loss! Just one more domain...
msg93,acc1,,,That's what you said 2 hours ago!
msg94,acc2,,,Sahi baat hai, gacha games will ruin your sleep schedule.
msg95,acc3,,,ಎಲ್ಲಿಗ ಹೋಗ್ತಿಯಾ? I'm going to sleep, you guys are crazy.
msg96,acc4,msg95,,,Good night! I'll definitely stop after this one... probably.
msg97,acc1,,,I'm heading out too, see you guys tomorrow.
msg98,acc2,,,Bye bhai, sweet dreams!
msg99,acc3,,,ಗುಡ್ ನೈಟ್!
msg100,acc4,,,Peace out everyone!
